customer_id,first_name,last_name,email,city,country,created_at
1,Libor,Bílek,simon32@example.net,Rájec-Jestřebí,Czech Republic,2025-09-24
2,Jaroslav,Marková,bblazek@example.org,Hronov,Czech Republic,2025-01-09
3,Bohuslav,Křížová,tadeashruska@example.com,Valašské Klobouky,Czech Republic,2026-02-12
4,Ondřej,Strnadová,rtichy@example.org,Žebrák,Czech Republic,2025-10-19
5,Karel,Holub,whoracek@example.com,Unhošť,Czech Republic,2023-08-22
6,Renata,Kopecká,malydaniel@example.net,Velké Pavlovice,Czech Republic,2025-05-24
7,Julie,Macháčková,ctiborberanek@example.net,Tišnov,Czech Republic,2024-05-18
8,Ivo,Němeček,malymichael@example.com,Habry,Czech Republic,2024-08-14
9,Tadeáš,Říhová,hynek92@example.net,Habry,Czech Republic,2024-11-23
10,Anežka,Pavlíková,otozeman@example.org,Velká Bíteš,Czech Republic,2023-08-10
11,Erika,Bednářová,frantisek39@example.net,Hostivice,Czech Republic,2025-06-23
12,Ludmila,Pešková,qkonecny@example.org,Studénka,Czech Republic,2025-03-12
13,Anastázie,Vacková,zmala@example.com,Dubá,Czech Republic,2025-01-14
14,Jiří,Vaňková,dolezalovahana@example.net,Třebechovice pod Orebem,Czech Republic,2025-07-20
15,Filip,Zeman,dmaskova@example.net,Žulová,Czech Republic,2025-03-03
16,Alois,Slavíková,tichymatous@example.net,Dašice,Czech Republic,2024-05-22
17,Oldřich,Dušková,valentovalada@example.net,Nepomuk,Czech Republic,2026-04-01
18,Dominika,Pavlíková,ivanmachacek@example.org,Police nad Metují,Czech Republic,2024-06-25
19,Bedřich,Hruška,psvoboda@example.org,Zbýšov,Czech Republic,2025-03-18
20,Ivo,Havel,wdvorak@example.net,Doksy,Czech Republic,2025-06-28
21,Patrik,Procházka,imoravec@example.net,Smržovka,Czech Republic,2024-06-11
22,Kristina,Čermáková,pjaros@example.org,Kostelec na Hané,Czech Republic,2023-07-29
23,Vojtěch,Marešová,albertbroz@example.net,Hrob,Czech Republic,2023-09-17
24,Břetislav,Štěpánek,polakludvik@example.com,Hostomice,Czech Republic,2025-02-16
25,Slavěna,Pavlíček,mberankova@example.org,Roztoky,Czech Republic,2024-10-20
26,Miluše,Beranová,dsvecova@example.net,Bystřice,Czech Republic,2024-09-19
27,Ivana,Hrubý,jozefhoracek@example.net,Dubí,Czech Republic,2024-10-10
28,Blanka,Fialová,dalibormusil@example.net,Brušperk,Czech Republic,2025-06-19
29,Arnošt,Holub,janmatejka@example.com,Hostomice,Czech Republic,2026-02-07
30,Ferdinand,Kříž,ybarta@example.com,Jistebnice,Czech Republic,2024-10-11
31,Tereza,Král,miloslavhruby@example.org,Stárkov,Czech Republic,2024-06-13
32,Drahoslav,Malá,hjandova@example.org,Železnice,Czech Republic,2025-01-12
33,Richard,Dvořák,tesarludvik@example.com,Štíty,Czech Republic,2026-03-07
34,Štefan,Machová,svobodovadaniela@example.com,Šlapanice,Czech Republic,2024-04-16
35,Emilie,Novotný,ludmila24@example.com,Český Dub,Czech Republic,2025-10-07
36,Ignác,Bednář,knemcova@example.org,Nýřany,Czech Republic,2024-02-24
37,Anděla,Kadlec,pdvorak@example.com,Fulnek,Czech Republic,2024-10-28
38,Drahomíra,Müllerová,stepankovamagdalena@example.net,Špindlerův Mlýn,Czech Republic,2026-02-22
39,Anděla,Janda,veselyivan@example.com,Postoloprty,Czech Republic,2024-02-21
40,Ivona,Matějka,vera74@example.org,Rabí,Czech Republic,2024-10-12
41,Barbora,Čech,krejcovaerika@example.net,Habartov,Czech Republic,2025-09-25
42,Monika,Křížová,dolezalovadana@example.net,Olešnice,Czech Republic,2023-08-14
43,Klaudie,Malá,ruzenaduskova@example.org,Krásno,Czech Republic,2026-03-17
44,Daniel,Vacek,lumirsvec@example.org,Trhový Štěpánov,Czech Republic,2025-03-10
45,Marie,Navrátilová,katerinahajkova@example.org,Blšany,Czech Republic,2024-01-18
46,Ilona,Beranová,matoushajek@example.net,Ledvice,Czech Republic,2026-02-15
47,Simona,Musil,vojtechkucera@example.com,Hradec Králové,Czech Republic,2023-07-31
48,Roman,Bednářová,esedlacek@example.com,Raspenava,Czech Republic,2025-01-14
49,Hedvika,Bláha,kadlecjindrich@example.net,Boží Dar,Czech Republic,2023-11-01
50,Nela,Toman,mcechova@example.net,Letovice,Czech Republic,2026-03-17
51,Robin,Polák,urbanovasabina@example.org,Krásno,Czech Republic,2024-10-20
52,Hedvika,Němcová,hprochazkova@example.net,Nepomuk,Czech Republic,2024-06-08
53,Markéta,Šťastný,sstrnadova@example.net,Horní Benešov,Czech Republic,2024-10-08
54,Květoslava,Sedláková,magdalenamarkova@example.net,Karlovy Vary,Czech Republic,2024-05-15
55,Naděžda,Machová,cfiserova@example.com,Neveklov,Czech Republic,2024-12-05
56,Peter,Pospíšilová,konecnypavel@example.org,Rychnov u Jablonce nad Nisou,Czech Republic,2024-06-10
57,Samuel,Kopecký,beranovaklara@example.com,Mirotice,Czech Republic,2024-10-02
58,Rostislav,Šmídová,zhruba@example.org,Rousínov,Czech Republic,2025-07-28
59,Kryštof,Žáková,lmusil@example.net,Brušperk,Czech Republic,2025-03-07
60,Lukáš,Dušková,sarastepankova@example.net,Žamberk,Czech Republic,2025-10-10
61,Nora,Müllerová,ckratochvilova@example.org,Milovice,Czech Republic,2024-04-15
62,Štefan,Pavlíková,zaneta73@example.com,Březová,Czech Republic,2025-08-26
63,Vít,Růžička,isimek@example.org,Frýdek-Místek,Czech Republic,2024-03-15
64,Mojmír,Sýkorová,bretislavmatousek@example.com,Odolena Voda,Czech Republic,2024-11-27
65,Felix,Matějka,xzak@example.net,Vracov,Czech Republic,2026-02-25
66,Květoslava,Holubová,kucerovamagdalena@example.com,Nýřany,Czech Republic,2025-10-02
67,Vilém,Horáková,matyasmuller@example.com,Libochovice,Czech Republic,2024-07-08
68,Marcela,Štěpánková,sarkaduskova@example.net,Úštěk,Czech Republic,2024-09-09
69,Bohuslav,Havel,dkaspar@example.org,Jablonné v Podještědí,Czech Republic,2024-08-24
70,Teodor,Dušková,wtesar@example.com,Svoboda nad Úpou,Czech Republic,2026-05-13
71,Miloslava,Pokorný,novakales@example.net,Žandov,Czech Republic,2024-07-23
72,Hubert,Žáková,vitkovaandela@example.org,Veselí nad Lužnicí,Czech Republic,2023-07-28
73,Mojmír,Novotný,terezastepankova@example.org,Mnichovice,Czech Republic,2025-08-10
74,Kateřina,Kříž,zakjakub@example.com,Planá nad Lužnicí,Czech Republic,2023-08-03
75,Ema,Macháčková,tbartova@example.org,Podbořany,Czech Republic,2025-07-31
76,Zikmund,Horváth,ludek90@example.com,Rožmberk nad Vltavou,Czech Republic,2024-08-15
77,Zdenka,Petrová,abenes@example.com,Lázně Kynžvart,Czech Republic,2026-05-24
78,Renata,Ševčíková,sabinaholubova@example.net,Protivín,Czech Republic,2025-12-07
79,Šárka,Fišerová,lticha@example.com,Volyně,Czech Republic,2024-03-31
80,Jaroslav,Sedláček,wpavlicek@example.com,Kosmonosy,Czech Republic,2023-08-06
81,Gabriela,Mach,wmoravec@example.com,Jevíčko,Czech Republic,2026-02-24
82,Barbora,Krejčová,pokornajana@example.org,Solnice,Czech Republic,2024-09-23
83,Zdeněk,Staňková,tpetrova@example.com,Třebechovice pod Orebem,Czech Republic,2023-07-24
84,Denisa,Musil,pstejskalova@example.com,Mohelnice,Czech Republic,2025-03-03
85,Jana,Blažková,surban@example.com,Karolinka,Czech Republic,2024-04-06
86,Luděk,Šťastná,oldrichdostal@example.net,Horní Benešov,Czech Republic,2024-02-28
87,Šárka,Říha,kamil34@example.org,Hluboká nad Vltavou,Czech Republic,2024-06-01
88,Marcel,Říha,bilkovaludmila@example.net,Rajhrad,Czech Republic,2026-02-11
89,Vendula,Horváth,sedlakovalinda@example.com,Meziměstí,Czech Republic,2024-07-13
90,Dušan,Pokorný,ejanda@example.com,Bělá pod Bezdězem,Czech Republic,2025-03-29
91,Eduard,Kovář,magdalenaburesova@example.org,Osečná,Czech Republic,2025-10-20
92,Vlasta,Zemanová,cdostalova@example.com,Karolinka,Czech Republic,2025-03-20
93,Ferdinand,Müllerová,vlcekklement@example.net,Janov,Czech Republic,2025-06-28
94,Oldřich,Novotný,danahajkova@example.org,Milovice,Czech Republic,2025-07-30
95,Simona,Soukup,janeckovalucie@example.net,Slavičín,Czech Republic,2026-02-02
96,Hynek,Soukupová,martinsevcik@example.net,Luže,Czech Republic,2023-11-08
97,Vlasta,Petrová,ladislavafialova@example.org,Hanušovice,Czech Republic,2025-11-20
98,Dana,Čermáková,nemecekmiroslav@example.net,Štíty,Czech Republic,2024-04-29
99,Veronika,Čermáková,stejskalblahoslav@example.com,Postoloprty,Czech Republic,2024-04-05
100,Jiří,Němec,vlckovaladislava@example.net,Telč,Czech Republic,2025-10-11
101,Simona,Ježková,lsedlacek@example.net,Radnice,Czech Republic,2025-12-14
102,Jiří,Hájková,vberankova@example.com,Vratimov,Czech Republic,2023-12-29
103,Marta,Stejskalová,qslavik@example.com,Miroslav,Czech Republic,2023-10-10
104,Agáta,Šmíd,zemanslavomir@example.net,Rovensko pod Troskami,Czech Republic,2026-02-12
105,Renáta,Beranová,horakovazdenka@example.com,Přeštice,Czech Republic,2024-11-01
106,Dušan,Matějka,martin47@example.net,Dobřany,Czech Republic,2023-08-06
107,Zbyněk,Ševčíková,marcelaruzickova@example.org,Chotěboř,Czech Republic,2024-03-08
108,Lubomír,Fialová,smidivan@example.com,Netolice,Czech Republic,2025-08-17
109,Michaela,Horáčková,dpavlicek@example.net,Letohrad,Czech Republic,2024-01-30
110,Zdeňka,Vacková,bozenakolarova@example.com,Šlapanice,Czech Republic,2025-11-15
111,Andrea,Bárta,dominika99@example.net,Vysoké nad Jizerou,Czech Republic,2023-12-15
112,Šárka,Toman,wkrausova@example.net,Mirotice,Czech Republic,2026-04-23
113,Robert,Strnadová,romanjanda@example.com,Kelč,Czech Republic,2025-09-29
114,Lada,Zeman,viktorieberankova@example.org,Vítkov,Czech Republic,2023-10-23
115,Nikola,Horák,ubenes@example.org,Vítkov,Czech Republic,2025-06-22
116,Norbert,Fišer,vprochazka@example.net,Ronov nad Doubravou,Czech Republic,2023-10-02
117,Helena,Sedláčková,osimek@example.net,Výsluní,Czech Republic,2025-02-17
118,Hubert,Novák,vlastimil16@example.org,Mikulášovice,Czech Republic,2024-01-04
119,Dorota,Bláha,krausovablanka@example.com,Kunštát,Czech Republic,2024-10-20
120,Šimon,Kolářová,rkubickova@example.org,Heřmanův Městec,Czech Republic,2023-09-30
121,Lada,Navrátilová,stepansoukup@example.org,Mladá Boleslav,Czech Republic,2025-06-04
122,Renata,Polák,nemcovalucie@example.net,Bělá pod Bezdězem,Czech Republic,2024-11-01
123,Jana,Marešová,miroslava47@example.com,Letohrad,Czech Republic,2026-01-26
124,Kryštof,Novák,wliskova@example.net,Slatiňany,Czech Republic,2024-05-24
125,Ludmila,Říha,sedlackovaapolena@example.net,Veltrusy,Czech Republic,2026-03-22
126,Dagmar,Zemanová,radimhruska@example.net,Přebuz,Czech Republic,2024-04-05
127,Matěj,Němečková,sevcikblahoslav@example.com,Borohrádek,Czech Republic,2025-04-01
128,Martin,Holub,hana62@example.org,Týnec nad Labem,Czech Republic,2025-02-16
129,Karolína,Kolářová,patrik47@example.com,Uherský Ostroh,Czech Republic,2023-11-09
130,Igor,Konečný,samuelsedlacek@example.com,Týniště nad Orlicí,Czech Republic,2024-09-10
131,Anděla,Kopecká,nemecrene@example.net,Plumlov,Czech Republic,2024-08-26
132,Klára,Hrubý,vitbenes@example.net,Červená Řečice,Czech Republic,2025-05-04
133,Filip,Novotná,tsvobodova@example.net,Deštná,Czech Republic,2023-12-06
134,Dalibor,Strnad,gjanda@example.org,Liberec,Czech Republic,2024-11-14
135,Milena,Marešová,radkasmidova@example.org,Protivín,Czech Republic,2024-09-25
136,Blažena,Blažek,cmuller@example.com,Votice,Czech Republic,2024-08-06
137,Kateřina,Králová,zdostal@example.com,Žirovnice,Czech Republic,2023-11-16
138,Pavlína,Holub,aloisbilek@example.com,Dobříš,Czech Republic,2025-11-14
139,Svatoslav,Dvořák,ladislavjanda@example.com,Týnec nad Sázavou,Czech Republic,2026-03-18
140,Albert,Říha,erikaprochazkova@example.com,Dačice,Czech Republic,2025-06-29
141,Bohuslav,Kadlec,kucerovakaterina@example.net,Bezdružice,Czech Republic,2024-01-12
142,Dušan,Ježek,hkasparova@example.net,Moravské Budějovice,Czech Republic,2024-11-08
143,Julie,Jelínková,navratilleos@example.net,Starý Plzenec,Czech Republic,2025-11-10
144,Žaneta,Strnad,bpeskova@example.org,Vlachovo Březí,Czech Republic,2024-09-18
145,Ladislav,Horváthová,ffiala@example.com,Bystřice pod Hostýnem,Czech Republic,2023-11-21
146,Gabriela,Vlček,pavlina89@example.com,Třebenice,Czech Republic,2025-08-13
147,Vasyl,Burešová,anemec@example.com,Lipník nad Bečvou,Czech Republic,2024-10-03
148,Josef,Ševčík,qsevcik@example.com,Ždánice,Czech Republic,2023-12-20
149,Slavěna,Dvořák,buresdobroslav@example.com,Studénka,Czech Republic,2025-09-22
150,Marian,Krejčová,soukupovamichaela@example.net,Lomnice nad Popelkou,Czech Republic,2024-07-27
151,Miluše,Šťastná,konecnamarcela@example.com,Planá,Czech Republic,2025-01-12
152,Norbert,Pospíšilová,gnavratil@example.com,Desná,Czech Republic,2025-10-18
153,Vlasta,Brožová,stejskalovaladislava@example.org,Javorník,Czech Republic,2025-08-14
154,Eliška,Tesař,lbartos@example.org,Bílovec,Czech Republic,2023-12-08
155,Bořivoj,Holub,robertmatousek@example.com,Fulnek,Czech Republic,2024-08-14
156,Gabriela,Zemanová,bilekivan@example.org,Rychvald,Czech Republic,2023-10-03
157,Nora,Procházková,mhorakova@example.com,Javorník,Czech Republic,2024-02-27
158,Zuzana,Janda,hburesova@example.com,Nové Sedlo,Czech Republic,2025-07-06
159,Dobroslav,Musil,dmatejkova@example.org,Kardašova Řečice,Czech Republic,2026-05-07
160,Matěj,Veselá,daniela51@example.org,Stárkov,Czech Republic,2024-10-19
161,Marian,Vlček,radimbroz@example.com,Mašťov,Czech Republic,2023-07-26
162,Ivan,Ševčík,zliskova@example.net,Jáchymov,Czech Republic,2023-11-09
163,Blahoslav,Šťastný,svetlanatomanova@example.com,Mašťov,Czech Republic,2026-01-16
164,Zikmund,Čechová,fkasparova@example.com,Studénka,Czech Republic,2024-07-12
165,Ilona,Žáková,danapetrova@example.net,Nový Bydžov,Czech Republic,2025-01-14
166,Jaroslava,Tůma,katerinacerna@example.org,Horní Cerekev,Czech Republic,2024-01-12
167,Mojmír,Vávrová,havlicekstefan@example.com,Sadská,Czech Republic,2026-04-13
168,Františka,Němečková,ckovar@example.org,Mikulov,Czech Republic,2025-05-27
169,Apolena,Marková,kucerovavlasta@example.org,Mladá Boleslav,Czech Republic,2024-11-12
170,Erik,Vávra,ivan19@example.net,Mladá Boleslav,Czech Republic,2025-04-02
171,David,Dostálová,otakarstrnad@example.com,Žebrák,Czech Republic,2023-09-11
172,Karel,Tichý,pokornyjaroslav@example.org,Slušovice,Czech Republic,2024-10-27
173,Nikol,Kašparová,nataliemachackova@example.com,Lomnice nad Lužnicí,Czech Republic,2025-10-31
174,Dušan,Nováková,vdusek@example.org,Jilemnice,Czech Republic,2024-04-07
175,Miloš,Švec,soukuphynek@example.com,Žirovnice,Czech Republic,2025-06-24
176,Linda,Kadlec,kralrobert@example.net,Vamberk,Czech Republic,2023-11-23
177,Jonáš,Petrová,xjarosova@example.org,Kasejovice,Czech Republic,2024-01-19
178,Tomáš,Tichý,omarek@example.org,Březová,Czech Republic,2024-05-25
179,Kamil,Janečková,stastnamilena@example.net,Pohořelice,Czech Republic,2024-08-21
180,Oto,Mach,simonaberanova@example.com,Rájec-Jestřebí,Czech Republic,2025-09-01
181,Olivie,Müllerová,otylie38@example.org,Židlochovice,Czech Republic,2025-12-08
182,Simona,Marek,ksedlakova@example.com,Teplá,Czech Republic,2024-05-09
183,Lada,Jandová,mkraus@example.net,Výsluní,Czech Republic,2024-04-05
184,Sára,Veselý,vacekfelix@example.com,Telč,Czech Republic,2023-12-28
185,Patricie,Jelínková,sabinacechova@example.org,Zliv,Czech Republic,2024-07-23
186,Bohuslav,Bílková,maresovavladimira@example.com,Letovice,Czech Republic,2026-06-29
187,Kristina,Navrátil,kratochvilovadorota@example.net,Třebechovice pod Orebem,Czech Republic,2023-12-13
188,Dalibor,Slavík,istrnadova@example.net,Milevsko,Czech Republic,2025-05-10
189,Ivo,Beran,vasyl28@example.net,Dačice,Czech Republic,2025-11-02
190,Vítězslav,Strnad,bilekludek@example.com,Bystřice nad Pernštejnem,Czech Republic,2023-11-04
191,Vilma,Mašková,sykorovazdenka@example.net,Soběslav,Czech Republic,2023-12-10
192,Mária,Bárta,knovotny@example.com,Rožďalovice,Czech Republic,2025-07-07
193,Judita,Dvořák,malastepanka@example.org,Kunštát,Czech Republic,2024-04-09
194,Artur,Vacek,kuceraludek@example.net,Tišnov,Czech Republic,2025-04-03
195,Ilona,Kašpar,kucerovazofie@example.com,Velký Šenov,Czech Republic,2025-11-05
196,Romana,Strnadová,lnovakova@example.org,Sobotka,Czech Republic,2025-11-02
197,Radka,Brož,slavomir03@example.org,Šenov,Czech Republic,2024-06-09
198,Lýdie,Králová,cpokorny@example.net,Jistebnice,Czech Republic,2024-07-31
199,Dominik,Poláková,hruzicka@example.com,Zubří,Czech Republic,2024-09-16
200,Nikola,Zeman,fmachacek@example.net,Krásná Lípa,Czech Republic,2026-04-14
201,Zdislava,Prokop,vanekteodor@example.org,Polná,Czech Republic,2026-06-30
202,Radoslav,Králová,evelina11@example.com,Karolinka,Czech Republic,2024-11-05
203,Monika,Kříž,ctuma@example.org,Prostějov,Czech Republic,2026-07-03
204,Apolena,Pavlíková,brozovapavla@example.com,Žandov,Czech Republic,2023-08-09
205,Nikol,Blažek,bozenajarosova@example.net,Králův Dvůr,Czech Republic,2024-08-28
206,Břetislav,Matoušková,sonamachackova@example.com,Telč,Czech Republic,2023-09-28
207,Matěj,Kolářová,ubartova@example.net,Hustopeče,Czech Republic,2026-05-23
208,Bohuslav,Tomanová,vilmapokorna@example.com,Jablunkov,Czech Republic,2025-11-01
209,Olga,Moravec,vendula31@example.org,Mimoň,Czech Republic,2024-01-11
210,Olivie,Havlíček,wruzickova@example.net,Oloví,Czech Republic,2025-02-19
211,Dorota,Kratochvíl,nadezdapetrova@example.org,Horní Jelení,Czech Republic,2025-11-20
212,Vítězslav,Hrubá,liskovanela@example.com,Proseč,Czech Republic,2026-03-01
213,František,Sýkora,usmidova@example.com,Teplá,Czech Republic,2024-09-26
214,Ignác,Ježek,epeskova@example.com,Sadská,Czech Republic,2025-01-23
215,Marek,Žáková,erikamoravcova@example.net,Velký Šenov,Czech Republic,2023-11-19
216,Mojmír,Strnad,hedvikakrausova@example.net,Kouřim,Czech Republic,2026-05-09
217,Zdislava,Sedlák,jezekjan@example.net,Dobříš,Czech Republic,2025-05-21
218,Jonáš,Jandová,hanahavlickova@example.net,Vimperk,Czech Republic,2026-04-13
219,David,Bláha,beranekmartin@example.net,Teplice nad Metují,Czech Republic,2025-03-24
220,Bořivoj,Hrušková,drahomira73@example.net,Kamenický Šenov,Czech Republic,2024-11-14
221,Ferdinand,Kratochvíl,ebilkova@example.com,Kostelec nad Labem,Czech Republic,2025-04-30
222,Emilie,Šmídová,wticha@example.com,Tanvald,Czech Republic,2024-08-15
223,Kryštof,Šimek,vaclavdostal@example.com,Husinec,Czech Republic,2023-12-07
224,Drahoslav,Soukup,amusilova@example.org,Vamberk,Czech Republic,2024-06-28
225,Emilie,Malý,vilmapetrova@example.com,Zdice,Czech Republic,2024-06-08
226,Bohumil,Holub,djaneckova@example.org,Plesná,Czech Republic,2024-07-26
227,Drahoslav,Sedlák,pmaskova@example.net,Jistebnice,Czech Republic,2025-02-13
228,Ladislav,Burešová,ladavankova@example.com,Krásná Hora nad Vltavou,Czech Republic,2023-08-24
229,Dušan,Kučerová,radoslavriha@example.com,Letovice,Czech Republic,2025-01-08
230,Blažena,Němcová,dusekdominik@example.com,Třebenice,Czech Republic,2026-06-21
231,Karolína,Vaňková,jaroslavastejskalova@example.net,Nasavrky,Czech Republic,2023-08-19
232,Dalibor,Kolář,hhavlickova@example.com,Potštát,Czech Republic,2026-03-10
233,Michael,Šťastný,zkraus@example.net,Podbořany,Czech Republic,2024-07-08
234,Zdeňka,Konečná,ksevcikova@example.com,Vejprty,Czech Republic,2023-07-24
235,Hedvika,Sedláčková,matousekmojmir@example.net,Pohořelice,Czech Republic,2024-12-07
236,Vlastimil,Šťastná,slavikovavanda@example.org,Františkovy Lázně,Czech Republic,2025-12-22
237,Zikmund,Blažek,horacekales@example.com,Luby,Czech Republic,2023-12-18
238,Svatopluk,Beranová,utomanova@example.org,Nová Včelnice,Czech Republic,2024-02-18
239,Gabriela,Procházková,ykasparova@example.com,Mirošov,Czech Republic,2026-03-31
240,Ivona,Králová,xsedlakova@example.net,Praha,Czech Republic,2024-12-17
241,Štefan,Sedláček,vlasta44@example.net,Sezemice,Czech Republic,2025-08-16
242,Ester,Holubová,ykrizova@example.net,Jiříkov,Czech Republic,2023-11-16
243,Květoslava,Bártová,zvlckova@example.org,Brno,Czech Republic,2024-05-16
244,Ivo,Toman,qpolakova@example.net,Hostomice,Czech Republic,2024-02-12
245,Anežka,Křížová,matej19@example.net,Hrádek nad Nisou,Czech Republic,2023-08-30
246,Vlasta,Pavlíková,bohuslavcermak@example.com,Soběslav,Czech Republic,2024-12-04
247,Matěj,Bartoš,pavlinasmidova@example.com,Rosice,Czech Republic,2024-02-09
248,Dana,Šmíd,ferdinand19@example.org,Černošín,Czech Republic,2026-04-10
249,Milada,Liška,maresovaviktorie@example.org,Zbiroh,Czech Republic,2023-08-16
250,Dominika,Kučerová,krizmichal@example.com,Zubří,Czech Republic,2026-04-29
251,Věra,Fišerová,roman15@example.org,Rokytnice v Orlických horách,Czech Republic,2024-04-12
252,Richard,Beneš,kstanek@example.net,Heřmanův Městec,Czech Republic,2025-05-05
253,Marcela,Brožová,zhavlicek@example.net,Holice,Czech Republic,2026-06-15
254,Stanislava,Šmíd,albertkadlec@example.com,Miletín,Czech Republic,2025-10-09
255,Helena,Strnad,kadlecovanadezda@example.net,Bystřice,Czech Republic,2025-07-06
256,Růžena,Svoboda,pavlaticha@example.net,Sezemice,Czech Republic,2023-11-11
257,Dita,Vávra,leosdvorak@example.com,Miroslav,Czech Republic,2025-10-02
258,Kristina,Bílková,ivankova@example.net,Telč,Czech Republic,2024-04-02
259,Jakub,Kašparová,tkolarova@example.com,Červený Kostelec,Czech Republic,2025-03-15
260,Felix,Kratochvílová,igorhavel@example.com,Deštná,Czech Republic,2025-07-20
261,Vanda,Holub,ddolezal@example.org,Mirotice,Czech Republic,2025-03-15
262,Renáta,Sedláčková,bohumil64@example.org,Planá nad Lužnicí,Czech Republic,2023-09-24
263,Miluše,Toman,ruzickaborivoj@example.org,Bor,Czech Republic,2024-05-15
264,Radoslav,Vítková,renatamachackova@example.com,Vítkov,Czech Republic,2026-04-06
265,Květa,Vítek,tichyhorymir@example.net,Dobrovice,Czech Republic,2024-01-17
266,Lucie,Kolářová,juliebartosova@example.org,Mladá Vožice,Czech Republic,2025-07-13
267,Miroslava,Konečná,pnemec@example.com,Frýdlant nad Ostravicí,Czech Republic,2024-05-03
268,Libor,Blažek,xmusilova@example.org,Horní Slavkov,Czech Republic,2023-09-17
269,Ctibor,Doležalová,jelinkovaanna@example.com,Hronov,Czech Republic,2025-02-16
270,Emil,Kolář,vaclav95@example.net,Hroznětín,Czech Republic,2024-05-31
271,Mikuláš,Procházková,svatoslavkovar@example.com,Osečná,Czech Republic,2026-05-10
272,Radek,Němečková,fkrejcova@example.org,Štíty,Czech Republic,2025-06-10
273,Lada,Kašparová,astrnadova@example.com,Kaplice,Czech Republic,2024-08-21
274,Slavěna,Novotný,milosurban@example.org,Červená Řečice,Czech Republic,2023-09-07
275,Martina,Bílková,oliviejelinkova@example.com,Konice,Czech Republic,2025-06-13
276,Patricie,Vávra,prokopjosef@example.org,Lanžhot,Czech Republic,2025-07-13
277,Daniel,Fiala,ladislavnovotny@example.org,Karlovy Vary,Czech Republic,2026-05-19
278,Arnošt,Moravec,ferdinandvesely@example.com,Skalná,Czech Republic,2025-04-28
279,Svatopluk,Bártová,otakarzak@example.com,Mnichovice,Czech Republic,2025-02-09
280,Jolana,Svoboda,judita87@example.com,Uherský Ostroh,Czech Republic,2026-06-15
281,Simona,Vávrová,xmatejka@example.com,Brtnice,Czech Republic,2025-03-13
282,Vladimír,Tůmová,alicekadlecova@example.net,Kamenice nad Lipou,Czech Republic,2023-12-20
283,Helena,Němec,pkucerova@example.com,Jablonec nad Nisou,Czech Republic,2025-10-19
284,Vanda,Štěpánková,kdvorakova@example.net,Hartmanice,Czech Republic,2023-12-06
285,Vanda,Macháček,polakovaandrea@example.org,Teplice,Czech Republic,2023-07-12
286,Matěj,Nováková,ctiborurban@example.org,Hořice,Czech Republic,2025-01-10
287,Kristina,Dostál,fpospisilova@example.org,Nový Knín,Czech Republic,2025-03-01
288,Antonín,Beran,dagmar08@example.net,Uhlířské Janovice,Czech Republic,2026-04-30
289,Radomír,Hrubý,prochazkaigor@example.org,Přebuz,Czech Republic,2025-02-01
290,Jiřina,Prokop,xhajek@example.com,Pardubice,Czech Republic,2024-03-28
291,Vlasta,Stejskal,stastnyartur@example.org,Ledeč nad Sázavou,Czech Republic,2024-08-22
292,Soňa,Doležal,tumovairena@example.org,Vizovice,Czech Republic,2024-10-23
293,Hedvika,Kubíčková,prochazkablahoslav@example.org,Ústí nad Labem,Czech Republic,2026-02-11
294,Soňa,Růžička,brozovalibuse@example.net,Hluboká nad Vltavou,Czech Republic,2026-04-18
295,Erika,Beran,hynekvitek@example.net,Český Dub,Czech Republic,2023-09-28
296,Oto,Kubíčková,rostislavtesar@example.net,Letohrad,Czech Republic,2025-10-11
297,Michael,Staňková,pokornypremysl@example.org,Mašťov,Czech Republic,2024-03-16
298,Igor,Tichý,uzemanova@example.org,Týn nad Vltavou,Czech Republic,2026-06-27
299,Vendula,Němec,ykrausova@example.com,Sadská,Czech Republic,2025-04-08
300,Květoslava,Havel,stefan11@example.com,Ledeč nad Sázavou,Czech Republic,2025-08-23
301,Mojmír,Tůmová,xsimek@example.org,Andělská Hora,Czech Republic,2026-05-04
302,Olivie,Valenta,karel21@example.org,Milevsko,Czech Republic,2025-03-07
303,Zuzana,Beránková,benesdenis@example.com,Pohořelice,Czech Republic,2025-04-21
304,Gabriela,Zeman,kopeckapetra@example.com,Staré Město (okres Šumperk),Czech Republic,2026-03-19
305,Zikmund,Lišková,nikolahavlickova@example.org,Kardašova Řečice,Czech Republic,2024-04-25
306,Milan,Dušek,sabinakolarova@example.com,Most,Czech Republic,2025-11-09
307,Judita,Pokorný,stefanstejskal@example.net,Mirovice,Czech Republic,2023-10-31
308,Drahoslava,Bartoš,nsvec@example.com,Meziměstí,Czech Republic,2024-07-06
309,Matyáš,Stejskal,smatouskova@example.org,Kašperské Hory,Czech Republic,2024-01-16
310,Lýdie,Šimek,vendula93@example.com,Jevíčko,Czech Republic,2025-12-16
311,Lucie,Vaněk,sedlakkamil@example.net,Sedlec-Prčice,Czech Republic,2025-10-24
312,Bohuslav,Švecová,nsevcikova@example.com,Velký Šenov,Czech Republic,2025-08-03
313,Markéta,Sedláčková,okolar@example.com,Ivančice,Czech Republic,2025-06-26
314,Miluše,Vítek,navratilzbynek@example.net,Náměšť nad Oslavou,Czech Republic,2025-01-11
315,Milena,Králová,liskovazdislava@example.net,Cvikov,Czech Republic,2025-10-25
316,Jiřina,Kříž,sedlackovapatricie@example.com,Chřibská,Czech Republic,2023-07-17
317,Alice,Musil,vladislavmachacek@example.com,Tišnov,Czech Republic,2025-07-19
318,Vladimíra,Kovář,ebilek@example.org,Lovosice,Czech Republic,2026-04-09
319,Jaromír,Janda,miroslavakralova@example.com,Týn nad Vltavou,Czech Republic,2024-02-17
320,Šárka,Tůma,choracek@example.net,Kladno,Czech Republic,2023-09-17
321,Denis,Ševčíková,bednarpetr@example.net,Rájec-Jestřebí,Czech Republic,2025-11-28
322,Zikmund,Ježková,helenakrejcova@example.net,Žebrák,Czech Republic,2024-11-23
323,Marcela,Nováková,ivonasevcikova@example.net,Libčice nad Vltavou,Czech Republic,2023-08-06
324,Samuel,Dostálová,azak@example.net,Horní Slavkov,Czech Republic,2024-05-06
325,Filip,Macháčková,prokopjonas@example.com,Horní Bříza,Czech Republic,2024-11-18
326,Anastázie,Říhová,okolarova@example.com,Praha,Czech Republic,2024-09-08
327,Lubomír,Tůma,ndvorakova@example.org,Česká Kamenice,Czech Republic,2025-05-09
328,Jaromír,Sedláčková,mariedostalova@example.org,Deštná,Czech Republic,2024-01-22
329,Michal,Jarošová,mblahova@example.org,Lučany nad Nisou,Czech Republic,2024-01-25
330,Přemysl,Krejčová,verakonecna@example.org,Kdyně,Czech Republic,2026-01-13
331,Eduard,Vacek,novotnaester@example.org,Železný Brod,Czech Republic,2025-03-12
332,Věra,Beránková,tbilkova@example.com,Harrachov,Czech Republic,2023-10-04
333,Bořivoj,Vávrová,milanberan@example.com,Nýřany,Czech Republic,2024-05-17
334,Radka,Kubíčková,gkratochvilova@example.org,Janské Lázně,Czech Republic,2025-11-01
335,Karolína,Kovářová,vlckovasimona@example.net,Luže,Czech Republic,2023-10-26
336,Štefan,Stejskal,musilovalada@example.com,Meziboří,Czech Republic,2026-02-08
337,Ludvík,Zemanová,klementvavra@example.net,Vrbno pod Pradědem,Czech Republic,2025-08-22
338,Mária,Kříž,jitkahruba@example.org,Nový Knín,Czech Republic,2024-05-09
339,Peter,Šmíd,daniela94@example.net,Dolní Poustevna,Czech Republic,2026-05-26
340,Marta,Dostál,marcel23@example.org,Velké Pavlovice,Czech Republic,2024-04-02
341,Lucie,Horváthová,ladislavasykorova@example.com,Mimoň,Czech Republic,2023-09-26
342,Jonáš,Benešová,katerina77@example.com,Vyšší Brod,Czech Republic,2025-10-31
343,Jonáš,Tichá,qnovotna@example.net,Volary,Czech Republic,2023-09-13
344,Lýdie,Müller,fmoravec@example.com,Velké Pavlovice,Czech Republic,2024-05-11
345,Marian,Kubíčková,cermakovasvetlana@example.org,Český Dub,Czech Republic,2026-01-30
346,Nikola,Dušková,matouskovajindriska@example.net,Zlaté Hory,Czech Republic,2025-06-17
347,Ondřej,Říha,stastnyradoslav@example.com,Kunovice,Czech Republic,2025-07-03
348,Patrik,Černý,tnemeckova@example.net,Lázně Bohdaneč,Czech Republic,2025-06-23
349,Josef,Bárta,zbynekbroz@example.org,Nová Včelnice,Czech Republic,2025-07-20
350,Aleš,Bednář,bjaros@example.net,Moravský Beroun,Czech Republic,2023-09-21
351,Ladislava,Havlíček,cernyoldrich@example.com,Dubá,Czech Republic,2024-08-28
352,Matouš,Pešková,bozenapolakova@example.net,Praha,Czech Republic,2025-06-17
353,Nikola,Tůma,igormatejka@example.net,Vrbno pod Pradědem,Czech Republic,2024-02-29
354,Kamil,Kolář,stanekroman@example.com,Kdyně,Czech Republic,2025-11-19
355,Štefan,Říha,jelinekmichal@example.net,Vodňany,Czech Republic,2026-01-19
356,Drahomíra,Matějka,rudolfkopecky@example.net,Týn nad Vltavou,Czech Republic,2026-03-16
357,Zbyněk,Hrubá,phruska@example.com,Nové Strašecí,Czech Republic,2026-03-06
358,Antonín,Valenta,ykadlec@example.net,Krásná Hora nad Vltavou,Czech Republic,2025-02-23
359,Přemysl,Veselá,evlckova@example.org,Benátky nad Jizerou,Czech Republic,2024-04-18
360,Daniel,Dostál,sjaneckova@example.net,Lučany nad Nisou,Czech Republic,2025-08-13
361,Jan,Pavlíková,libuseburesova@example.com,Neveklov,Czech Republic,2026-04-10
362,Norbert,Kopecká,lbartosova@example.net,Kasejovice,Czech Republic,2025-08-09
363,Zbyněk,Doležal,denismuller@example.org,Proseč,Czech Republic,2025-05-03
364,Eliška,Růžičková,eliskabartova@example.net,Slavičín,Czech Republic,2023-07-18
365,Viktorie,Toman,pavel52@example.net,Stod,Czech Republic,2026-03-03
366,Bořivoj,Švec,hruzicka@example.org,Smiřice,Czech Republic,2026-06-08
367,Ivan,Hrušková,kkucerova@example.com,Jablonec nad Jizerou,Czech Republic,2025-10-30
368,Luboš,Němec,beranovaalexandra@example.org,Modřice,Czech Republic,2024-08-07
369,Miloš,Liška,ruzickovarenata@example.org,Hustopeče,Czech Republic,2024-10-04
370,Eva,Růžička,slavikrichard@example.org,Hluboká nad Vltavou,Czech Republic,2024-03-06
371,Šárka,Čech,ddvorak@example.com,Klobouky u Brna,Czech Republic,2023-10-08
372,Petra,Bednář,smasek@example.net,Stráž pod Ralskem,Czech Republic,2025-05-18
373,Romana,Vávra,xvlckova@example.org,Frýdek-Místek,Czech Republic,2023-07-12
374,Markéta,Bílek,premyslsimek@example.net,Žamberk,Czech Republic,2024-07-07
375,Kristýna,Tomanová,klement38@example.org,Město Touškov,Czech Republic,2026-05-24
376,Michal,Šimková,jonas03@example.net,Slatiňany,Czech Republic,2026-03-13
377,Radka,Vacková,soukupdominik@example.net,Rajhrad,Czech Republic,2025-12-20
378,Igor,Marková,moravcovaerika@example.org,Jablonné v Podještědí,Czech Republic,2026-01-23
379,Lucie,Svobodová,csimek@example.com,Březnice,Czech Republic,2026-05-05
380,Matyáš,Žáková,fisereduard@example.org,Mnichovice,Czech Republic,2024-06-14
381,Luděk,Kopecká,nvlckova@example.com,Mladá Vožice,Czech Republic,2024-04-21
382,Luděk,Holub,magdalenaurbanova@example.net,Hostouň,Czech Republic,2026-01-07
383,Hana,Kopecký,vaceklumir@example.com,Nová Bystřice,Czech Republic,2023-08-28
384,Dorota,Pospíšil,andelamarkova@example.com,Chrast,Czech Republic,2024-11-23
385,Michael,Jelínek,blahovajudita@example.org,Velké Bílovice,Czech Republic,2024-09-17
386,Jaromír,Malá,igor01@example.org,Valašské Klobouky,Czech Republic,2023-11-24
387,Hedvika,Jelínek,nemcovaapolena@example.org,Velká Bíteš,Czech Republic,2025-09-06
388,Viktorie,Bláha,bslavikova@example.org,Hostomice,Czech Republic,2026-03-27
389,Apolena,Sedláček,ckovar@example.net,Rokytnice v Orlických horách,Czech Republic,2024-05-24
390,Marta,Kratochvílová,fdostal@example.com,Dubá,Czech Republic,2024-10-07
391,Štěpán,Nováková,machovamaria@example.com,Kostelec nad Černými lesy,Czech Republic,2026-04-01
392,Vlasta,Šmíd,lruzicka@example.org,Pohořelice,Czech Republic,2024-03-02
393,Blažena,Doležal,wkolarova@example.net,Golčův Jeníkov,Czech Republic,2023-10-23
394,Zdeněk,Prokop,vlckovajudita@example.net,Kraslice,Czech Republic,2026-04-25
395,Přemysl,Liška,ondrejvavra@example.net,Černošín,Czech Republic,2025-04-14
396,Jitka,Kučerová,janapavlikova@example.net,Heřmanův Městec,Czech Republic,2024-12-24
397,Jiří,Doležal,leosbednar@example.net,Abertamy,Czech Republic,2024-07-03
398,Slavomír,Kadlec,lsmidova@example.com,Blovice,Czech Republic,2023-12-14
399,Michal,Zemanová,prochazkaradovan@example.org,Slavkov u Brna,Czech Republic,2026-05-03
400,Ludmila,Marešová,kubicekmiroslav@example.com,Fulnek,Czech Republic,2025-09-15
401,Nina,Pavlíková,upokorna@example.org,Hradec Králové,Czech Republic,2025-07-04
402,Radek,Vítek,denisa22@example.net,Žacléř,Czech Republic,2025-08-13
403,Linda,Vlčková,horackovamarketa@example.net,Ralsko,Czech Republic,2025-03-16
404,Viktorie,Konečný,eurbanova@example.org,Kladno,Czech Republic,2024-01-06
405,Jindřich,Ševčíková,adolezalova@example.com,Hustopeče,Czech Republic,2025-08-03
406,Jindřiška,Polák,valentaadam@example.org,Meziboří,Czech Republic,2025-09-15
407,Pavel,Beranová,wvitek@example.net,Chvaletice,Czech Republic,2025-12-30
408,Vlasta,Kraus,zfiala@example.org,Blatná,Czech Republic,2024-06-19
409,Klement,Fiala,ykubicek@example.org,Olomouc,Czech Republic,2026-05-03
410,Jonáš,Tesař,bsykorova@example.com,Potštát,Czech Republic,2026-03-07
411,Oldřich,Černý,krizkarel@example.org,Skalná,Czech Republic,2025-03-04
412,Anděla,Procházková,dominika31@example.org,Petřvald,Czech Republic,2025-02-27
413,Vendula,Král,liskovaadela@example.com,Jílové u Prahy,Czech Republic,2025-12-24
414,Světlana,Mašek,beneskarel@example.org,Břidličná,Czech Republic,2024-12-06
415,Luboš,Svoboda,fhajkova@example.net,Chomutov,Czech Republic,2025-06-08
416,Leona,Macháček,xvlcek@example.org,Broumov,Czech Republic,2024-04-19
417,Růžena,Procházka,matoussedlak@example.org,Svoboda nad Úpou,Czech Republic,2025-08-07
418,Jozef,Havel,akovarova@example.net,Opočno,Czech Republic,2023-09-10
419,Leona,Kadlecová,rkopecka@example.com,Moravské Budějovice,Czech Republic,2024-05-28
420,Ludmila,Šimková,peskovazdenka@example.net,Dobruška,Czech Republic,2026-05-11
421,Otýlie,Kučera,johanahorakova@example.org,Lučany nad Nisou,Czech Republic,2023-09-29
422,Nela,Mašek,kvetoslavakratochvilova@example.net,Chlumec nad Cidlinou,Czech Republic,2024-09-03
423,Lýdie,Krausová,hriha@example.com,Týnec nad Labem,Czech Republic,2025-08-11
424,Žofie,Bláhová,matousekigor@example.org,České Velenice,Czech Republic,2023-10-29
425,Kamil,Slavík,qberanova@example.com,Petřvald,Czech Republic,2025-05-03
426,Dalibor,Kučera,mahulena29@example.net,Boží Dar,Czech Republic,2024-09-11
427,Hedvika,Staňková,bohumirvesely@example.com,Úpice,Czech Republic,2024-08-17
428,Iva,Strnad,blazena71@example.org,Kaplice,Czech Republic,2026-06-07
429,Nora,Zemanová,uprokop@example.com,Hora Svaté Kateřiny,Czech Republic,2024-11-01
430,Marie,Tůmová,hvavrova@example.com,Nová Paka,Czech Republic,2025-11-19
431,František,Sýkora,xkaspar@example.net,Hejnice,Czech Republic,2024-02-02
432,Stanislav,Doležal,arturnemec@example.org,Slavkov u Brna,Czech Republic,2024-02-09
433,Kateřina,Fialová,hnovotna@example.net,Hrádek,Czech Republic,2024-08-17
434,Olga,Liška,jmaresova@example.com,Habry,Czech Republic,2026-01-09
435,Alice,Vacková,konecnyarnost@example.com,Habry,Czech Republic,2026-01-26
436,Tomáš,Musil,karelkaspar@example.net,Nová Bystřice,Czech Republic,2023-07-27
437,Aleš,Havlíčková,ivastankova@example.org,Ivančice,Czech Republic,2025-05-02
438,Edita,Šimková,miluse65@example.com,Hořice,Czech Republic,2024-11-28
439,Žaneta,Němcová,gmala@example.org,Ostrava,Czech Republic,2025-06-14
440,Bohumila,Stejskal,novotnybretislav@example.com,Ralsko,Czech Republic,2024-06-26
441,Barbora,Pospíšil,robert28@example.org,Uhlířské Janovice,Czech Republic,2026-01-30
442,Mahulena,Procházková,islavikova@example.net,Rousínov,Czech Republic,2025-01-01
443,Dita,Pospíšil,ybenesova@example.net,Plesná,Czech Republic,2025-08-20
444,Robin,Tichý,vitezslavsvec@example.com,Vizovice,Czech Republic,2024-01-08
445,Radoslav,Staněk,novakfilip@example.net,Staré Město (okres Šumperk),Czech Republic,2025-12-07
446,Radovan,Slavíková,fpolakova@example.org,Hradec Králové,Czech Republic,2025-09-28
447,Elena,Bláhová,qvesely@example.net,Mladá Vožice,Czech Republic,2026-01-23
448,Simona,Černý,novakjozef@example.net,Vyšší Brod,Czech Republic,2025-07-21
449,Dominika,Beranová,fiserovaeva@example.org,Lomnice nad Lužnicí,Czech Republic,2026-06-21
450,Radka,Konečný,lsmidova@example.org,Kopidlno,Czech Republic,2025-05-27
451,Radim,Ševčík,bartosovasona@example.com,Tanvald,Czech Republic,2025-10-30
452,Ondřej,Horváthová,dusekviktor@example.net,Lišov,Czech Republic,2024-10-18
453,Stanislava,Zeman,berankovasarka@example.org,Žamberk,Czech Republic,2023-07-21
454,Evelína,Vaňková,alestesar@example.org,Hradec nad Moravicí,Czech Republic,2025-08-04
455,Jana,Sýkora,drahomiramala@example.net,Harrachov,Czech Republic,2023-09-15
456,Dobroslav,Stejskal,petra89@example.net,Manětín,Czech Republic,2026-03-05
457,Matouš,Tichý,wvacek@example.org,Žacléř,Czech Republic,2026-03-25
458,Mahulena,Beran,liborvanek@example.org,Stod,Czech Republic,2023-07-30
459,Věra,Kubíček,machbedrich@example.com,Terezín,Czech Republic,2025-02-11
460,Dominik,Mašková,stastnadrahoslava@example.net,Brumov-Bylnice,Czech Republic,2025-07-30
461,Milada,Černá,jjelinek@example.com,Slavičín,Czech Republic,2023-12-20
462,Aleš,Strnad,gprochazkova@example.net,Přelouč,Czech Republic,2025-04-29
463,Matěj,Bláhová,polakferdinand@example.com,Týn nad Vltavou,Czech Republic,2023-10-30
464,Samuel,Moravcová,martinpospisil@example.org,Slavkov u Brna,Czech Republic,2024-09-27
465,Otakar,Bureš,smatousek@example.com,Hrotovice,Czech Republic,2023-07-09
466,Jindřich,Hruška,fkovar@example.net,Staré Město (okres Uherské Hradiště),Czech Republic,2025-09-06
467,Alexandra,Pešková,vlastimilkopecky@example.com,Brušperk,Czech Republic,2023-10-23
468,Radek,Bureš,judita56@example.net,Chrast,Czech Republic,2026-01-23
469,Dobroslav,Bednář,irenakrejcova@example.com,Ždírec nad Doubravou,Czech Republic,2025-05-17
470,Jonáš,Veselý,hmach@example.com,Železná Ruda,Czech Republic,2024-11-17
471,Lenka,Staňková,pblahova@example.org,Dolní Bousov,Czech Republic,2025-08-07
472,Ferdinand,Kratochvíl,matousekzdenek@example.net,Hluk,Czech Republic,2025-05-06
473,Jolana,Müllerová,tichaerika@example.com,Dašice,Czech Republic,2026-03-04
474,Nikola,Čech,kadlecoldrich@example.org,Ždírec nad Doubravou,Czech Republic,2025-07-09
475,Ivana,Ježková,mullerlumir@example.com,Rožmitál pod Třemšínem,Czech Republic,2025-07-16
476,Lenka,Kovář,bartovahelena@example.net,Volyně,Czech Republic,2024-12-30
477,Patrik,Fišer,psmid@example.com,Brušperk,Czech Republic,2025-01-11
478,Květa,Benešová,danielnemec@example.com,Choceň,Czech Republic,2026-01-29
479,Olga,Ševčík,pavlikales@example.org,Loučná pod Klínovcem,Czech Republic,2023-08-14
480,Adam,Holub,zdenka83@example.net,Žamberk,Czech Republic,2024-07-13
481,Eduard,Navrátil,jstepanek@example.net,Sobotka,Czech Republic,2025-06-25
482,Pavla,Janda,vlcekleos@example.org,Kraslice,Czech Republic,2025-12-31
483,Danuše,Kratochvílová,gsvobodova@example.org,Měčín,Czech Republic,2023-12-06
484,Markéta,Hrubý,rudolf31@example.com,Mirovice,Czech Republic,2025-12-25
485,Robin,Šmídová,whruby@example.com,Český Brod,Czech Republic,2025-05-30
486,Lumír,Vlčková,qdvorakova@example.net,Železný Brod,Czech Republic,2025-01-02
487,Dominik,Krausová,emala@example.net,Sezimovo Ústí,Czech Republic,2025-03-31
488,Marek,Horváth,mpospisilova@example.net,Nejdek,Czech Republic,2026-02-26
489,Milena,Moravcová,matejmares@example.com,Mimoň,Czech Republic,2025-12-04
490,Matěj,Beranová,emilie83@example.org,Přerov,Czech Republic,2025-08-26
491,Jana,Sedláčková,ivanapeskova@example.net,Smečno,Czech Republic,2023-11-09
492,Jitka,Křížová,kmala@example.net,Rychvald,Czech Republic,2025-10-02
493,Dagmar,Blažková,pokornadrahoslava@example.org,Děčín,Czech Republic,2023-09-02
494,Emil,Mašek,otakar44@example.org,Sezemice,Czech Republic,2025-11-11
495,Svatopluk,Valentová,kucerovasona@example.org,Strážov,Czech Republic,2025-06-14
496,Libuše,Novák,dominik66@example.com,Židlochovice,Czech Republic,2025-03-02
497,Antonín,Urbanová,slavomir97@example.org,Svratka,Czech Republic,2025-04-10
498,Rudolf,Zemanová,miloslavnavratil@example.org,Holýšov,Czech Republic,2026-05-25
499,Štěpánka,Jaroš,bbures@example.com,Dolní Benešov,Czech Republic,2023-12-29
500,Alena,Bartoš,tfiserova@example.org,Frýdlant,Czech Republic,2026-04-18
